Workbook

Sheet Dashboard
B2: Dashboard Fechamento
D10: Sistema | F10: Maquinas | H10: Variação | T10: FECHAMENTO SIPAG
B13: Pix | D13: 3756.11 | F13: =IF(IFERROR('Fechamento 7Pay'!C4, 0) + IFERROR('Fechamento Sipag'!C4, 0)=0, "", IFERROR('Fechamento 7Pay'!C4, 0) + IFERROR('Fechamento Sipag'!C4, 0)) -> 3756.1 | H13: =IF(SUM(F13)-SUM(D13)=0, "", SUM(F13)-SUM(D13)) -> -0.01 | T13: Pix | W13: =IF('Fechamento Sipag'!C4=0, "", 'Fechamento Sipag'!C4) -> 2543.11
B16: Crédito | D16: 13438.88 | F16: =IF(IFERROR('Fechamento 7Pay'!C2, 0) + IFERROR('Fechamento Sipag'!C2, 0)=0, "", IFERROR('Fechamento 7Pay'!C2, 0) + IFERROR('Fechamento Sipag'!C2, 0)) -> 13438.89 | H16: =IF(SUM(F16)-SUM(D16)=0, "", SUM(F16)-SUM(D16)) -> 0.01 | T16: Crédito | W16: =IF('Fechamento Sipag'!C2=0, "", 'Fechamento Sipag'!C2) -> 8472.72
B19: Débito | D19: 7334.08 | F19: =IF(IFERROR('Fechamento 7Pay'!C3, 0) + IFERROR('Fechamento Sipag'!C3, 0)=0, "", IFERROR('Fechamento 7Pay'!C3, 0) + IFERROR('Fechamento Sipag'!C3, 0)) -> 7334.08 | H19: =IF(SUM(F19)-SUM(D19)=0, "", SUM(F19)-SUM(D19)) -> 1.8189894e-12 | T19: Débito | W19: =IF('Fechamento Sipag'!C3=0, "", 'Fechamento Sipag'!C3) -> 4178.63
B22: Dinheiro | D22: 617.69 | F22: 618 | H22: =IF(F22-D22=0, "", F22-D22) -> 0.31 | T22: Total | W22: =IF('Fechamento Sipag'!C5=0, "", 'Fechamento Sipag'!C5) -> 15194.46
B25: Pg Online | H25: =IF(F25-D25=0, "", F25-D25)
T26: FECHAMENTO 7PAY
B28: Total | D28: =IF(SUM(D13:E27)=0,"",SUM(D13:E27)) -> 25146.76 | F28: =IF(SUM(F13:G27)=0,"",SUM(F13:G27)) -> 25147.07 | H28: =IF(SUM(F28)-SUM(D28)=0, "", SUM(F28)-SUM(D28)) -> 0.31
T29: Pix | W29: =IF('Fechamento 7Pay'!C4=0, "", 'Fechamento 7Pay'!C4) -> 1212.99
B32: TM | D32: =IFERROR(D28/D35,"") -> 108.39121 | G32: Variação (%) | T32: Crédito | W32: =IF('Fechamento 7Pay'!C2=0, "", 'Fechamento 7Pay'!C2) -> 4966.17
B35: Lotação | D35: 232 | G35: =IFERROR(H28/D28, "") -> 1.2327632e-05 | T35: Débito | W35: =IF('Fechamento 7Pay'!C3=0, "", 'Fechamento 7Pay'!C3) -> 3155.45
B38: Bilheteria | D38: 2020 | G38: =Configuração!B2 -> 46170.75 | T38: Total | W38: =IF('Fechamento 7Pay'!C5=0, "", 'Fechamento 7Pay'!C5) -> 9334.61

Sheet Fechamento 7Pay
A1: FECHAMENTO 7PAY
A2: CRÉDITO: | C2: =SUMIF(Tabela_7Pay_2[TIPO VENDA], "Crédito", Tabela_7Pay_2[VALOR BRUTO]) -> 4966.17
A3: DÉBITO: | C3: =SUMIF(Tabela_7Pay_2[TIPO VENDA], "Débito", Tabela_7Pay_2[VALOR BRUTO]) -> 3155.45
A4: PIX: | C4: =SUMIF(Tabela_7Pay_2[TIPO VENDA], "Pix", Tabela_7Pay_2[VALOR BRUTO]) -> 1212.99
A5: TOTAL MÁQUINA: | C5: =SUM(C2:D4) -> 9334.61
A6: DATA DA VENDA | B6: STATUS | C6: VALOR BRUTO | D6: TIPO VENDA
A7: 46170.911 | B7: Aprovado | C7: 183.35 | D7: Crédito
A8: 46170.916 | B8: Aprovado | C8: 72.25 | D8: Débito
A9: 46170.926 | B9: Aprovado | C9: 82.7 | D9: Débito
A10: 46170.927 | B10: Aprovado | C10: 121.1 | D10: Crédito
A11: 46170.938 | B11: Aprovado | C11: 110.1 | D11: Crédito
A12: 46170.939 | B12: Aprovado | C12: 30.45 | D12: Débito
A13: 46170.939 | B13: Aprovado | C13: 40 | D13: Débito
A14: 46170.94 | B14: Aprovado | C14: 40.9 | D14: Débito
A15: 46170.941 | B15: Aprovado | C15: 1189.64 | D15: Crédito
A16: 46170.948 | B16: Aprovado | C16: 40.9 | D16: Débito
A17: 46170.954 | B17: Aprovado | C17: 159.37 | D17: Pix
A18: 46170.955 | B18: Aprovado | C18: 46.4 | D18: Pix
... A87: 46171.082 | B87: Aprovado | C87: 127.01 | D87: Pix

Sheet Fechamento Sipag
A1: FECHAMENTO SIPAG
A2: CRÉDITO: | C2: =SUMIF(Tabela_Sipag_2[Forma de Pagamento], "Crédito", Tabela_Sipag_2[Total plano de venda]) -> 8472.72
A3: DÉBITO: | C3: =SUMIF(Tabela_Sipag_2[Forma de Pagamento], "Débito", Tabela_Sipag_2[Total plano de venda]) -> 4178.63
A4: PIX: | C4: =SUMIF(Tabela_Sipag_2[Forma de Pagamento], "Pix", Tabela_Sipag_2[Total plano de venda]) -> 2543.11
A5: TOTAL MÁQUINA: | C5: =SUM(C2:C4) -> 15194.46
A6: DATA DA VENDA | B6: Forma de Pagamento | C6: Total plano de venda
A7: 46170.89 | B7: Pix | C7: 193.45
A8: 46170.921 | B8: Crédito | C8: 15
A9: 46170.942 | B9: Débito | C9: 125.4
A10: 46170.947 | B10: Pix | C10: 32.8
A11: 46170.967 | B11: Crédito | C11: 50.9
A12: 46170.972 | B12: Crédito | C12: 266.03
A13: 46170.974 | B13: Crédito | C13: 257.34
A14: 46170.978 | B14: Crédito | C14: 68.25
A15: 46170.98 | B15: Pix | C15: 51.35
A16: 46170.993 | B16: Débito | C16: 30
A17: 46170.997 | B17: Crédito | C17: 70.15
A18: 46171.001 | B18: Crédito | C18: 30
... A120: 46171.131 | B120: Crédito | C120: 121.85

Sheet Vendas 7Pay
A1: ID | B1: ID TRANSAÇÃO ZOOP | C1: DATA DA VENDA | D1: ID SELLER ZOOP | E1: CPF / CNPJ | F1: DESCRIÇÃO EXTRATO | G1: STATUS | H1: VALOR BRUTO | I1: VALOR LIQUIDO | J1: VALOR TAXA | K1: TIPO VENDA | L1: PORTADOR CARTAO | M1: BANDEIRA CARTAO | N1: MODO CAPTURA | O1: VALIDADE DO CARTAO | P1: ULTIMOS 4 DIGITOS DO CARTÃO | Q1: NUMERO PARCELAS | R1: NOME EMPRESA | S1: NUMERO IDENTIFICADOR ENTRADA
A2: 12345678 | B2: 1abcdef2345ghij6klmno789 | C2: 2026-05-28 00:04:36 | D2: 123456 | E2: 12334567000189 | F2: LOJA PUB | G2: Aprovado | H2: 138.6 | I2: 136.45 | J2: 2.15 | K2: Debito | L2: N/A | M2: VISA ELECTRON | N2: Presencial | P2: 1234 | Q2: 1 | R2: ESTABELECIMENTO | S2: 123456789
A3: 12345678 | B3: 1abcdef2345ghij6klmno790 | C3: 2026-05-28 00:11:20 | D3: 123456 | E3: 12334567000189 | F3: LOJA PUB | G3: Aprovado | H3: 71.7 | I3: 68.94 | J3: 2.76 | K3: Credito | L3: N/A | M3: MASTERCARD | N3: Presencial | P3: 1234 | Q3: 1 | R3: ESTABELECIMENTO | S3: 123456789
A4: 12345678 | B4: 1abcdef2345ghij6klmno791 | C4: 2026-05-28 00:15:06 | D4: 123456 | E4: 12334567000189 | F4: LOJA PUB | G4: Aprovado | H4: 36.4 | I4: 35 | J4: 1.4 | K4: Credito | L4: N/A | M4: VISA | N4: Presencial | P4: 1234 | Q4: 1 | R4: ESTABELECIMENTO | S4: 123456789
A5: 12345678 | B5: 1abcdef2345ghij6klmno792 | C5: 2026-05-28 00:30:28 | D5: 123456 | E5: 12334567000189 | F5: LOJA PUB | G5: Aprovado | H5: 48 | I5: 47.26 | J5: 0.74 | K5: Debito | L5: N/A | M5: MAESTRO | N5: Presencial | P5: 1234 | Q5: 1 | R5: ESTABELECIMENTO | S5: 123456789
A6: 12345678 | B6: 1abcdef2345ghij6klmno793 | C6: 2026-05-28 00:34:57 | D6: 123456 | E6: 12334567000189 | F6: LOJA PUB | G6: Aprovado | H6: 49.8 | I6: 49.03 | J6: 0.77 | K6: Debito | L6: N/A | M6: VISA ELECTRON | N6: Presencial | P6: 1234 | Q6: 1 | R6: ESTABELECIMENTO | S6: 123456789
A7: 12345678 | B7: 1abcdef2345ghij6klmno794 | C7: 2026-05-28 00:56:47 | D7: 123456 | E7: 12334567000189 | F7: LOJA PUB | G7: Aprovado | H7: 99.2 | I7: 95.38 | J7: 3.82 | K7: Credito | L7: N/A | M7: MASTERCARD | N7: Presencial | P7: 1234 | Q7: 1 | R7: ESTABELECIMENTO | S7: 123456789
A8: 12345678 | B8: 1abcdef2345ghij6klmno795 | C8: 2026-05-28 00:57:51 | D8: 123456 | E8: 12334567000189 | F8: LOJA PUB | G8: Aprovado | H8: 10 | I8: 9.61 | J8: 0.39 | K8: Credito | L8: N/A | M8: VISA | N8: Presencial | P8: 1234 | Q8: 1 | R8: ESTABELECIMENTO | S8: 123456789
A9: 12345678 | B9: 1abcdef2345ghij6klmno796 | C9: 2026-05-28 01:00:08 | D9: 123456 | E9: 12334567000189 | F9: LOJA PUB | G9: Aprovado | H9: 10 | I9: 9.84 | J9: 0.16 | K9: Debito | L9: N/A | M9: MAESTRO | N9: Presencial | P9: 1234 | Q9: 1 | R9: ESTABELECIMENTO | S9: 123456789
A10: 12345678 | B10: 1abcdef2345ghij6klmno797 | C10: 2026-05-28 01:00:53 | D10: 123456 | E10: 12334567000189 | F10: LOJA PUB | G10: Aprovado | H10: 72.6 | I10: 69.81 | J10: 2.79 | K10: Credito | L10: N/A | M10: VISA ELECTRON | N10: Presencial | P10: 1234 | Q10: 1 | R10: ESTABELECIMENTO | S10: 123456789
A11: 12345678 | B11: 1abcdef2345ghij6klmno798 | C11: 2026-05-28 01:01:18 | D11: 123456 | E11: 12334567000189 | F11: LOJA PUB | G11: Aprovado | H11: 10 | I11: 9.84 | J11: 0.16 | K11: Debito | L11: N/A | M11: MASTERCARD | N11: Presencial | P11: 1234 | Q11: 1 | R11: ESTABELECIMENTO | S11: 123456789
A12: 12345678 | B12: 1abcdef2345ghij6klmno799 | C12: 2026-05-28 21:51:28 | D12: 123456 | E12: 12334567000189 | F12: LOJA PUB | G12: Aprovado | H12: 183.35 | I12: 176.29 | J12: 7.06 | K12: Credito | L12: N/A | M12: VISA | N12: Presencial | P12: 1234 | Q12: 1 | R12: ESTABELECIMENTO | S12: 123456789
A13: 12345678 | B13: 1abcdef2345ghij6klmno800 | C13: 2026-05-28 21:59:11 | D13: 123456 | E13: 12334567000189 | F13: LOJA PUB | G13: Aprovado | H13: 72.25 | I13: 71.13 | J13: 1.12 | K13: Debito | L13: N/A | M13: MAESTRO | N13: Presencial | P13: 1234 | Q13: 1 | R13: ESTABELECIMENTO | S13: 123456789
... A96: 12345679 | B96: 1abcdef2345ghij6klmno883 | C96: 2026-05-29 01:58:07 | D96: 123456 | E96: 12334567000189 | F96: LOJA PUB | G96: Aprovado | H96: 127.01 | I96: 127.01 | J96: 13.28 | K96: pix | L96: N/A | M96: MASTERCARD | N96: Presencial | P96: 1235 | Q96: 2 | R96: ESTABELECIMENTO | S96: 123456790

Sheet Vendas Sipag
A1: Data da transação | B1: Forma de Pagamento | C1: Total plano de venda
A2: 46170.89 | B2: LIQUIDADA | C2: 193.45
A3: 46170.921 | B3: Crédito | C3: 15
A4: 46170.942 | B4: Débito | C4: 125.4
A5: 46170.947 | B5: LIQUIDADA | C5: 32.8
A6: 46170.967 | B6: Crédito | C6: 50.9
A7: 46170.972 | B7: Crédito | C7: 266.03
A8: 46170.974 | B8: Crédito | C8: 257.34
A9: 46170.978 | B9: Crédito | C9: 68.25
A10: 46170.98 | B10: LIQUIDADA | C10: 51.35
A11: 46170.993 | B11: Débito | C11: 30
A12: 46170.997 | B12: Crédito | C12: 70.15
A13: 46171.001 | B13: Crédito | C13: 30
... A126: 46171.131 | B126: Crédito | C126: 121.85

Sheet Configuração
A1: Coluna1 | B1: Coluna2
A2: Data Inicial | B2: 46170.75
A3: Data Final | B3: 46171.167
A6: Rótulos de Linha | B6: Vendas Sipag | C6: Vendas 7Pay
A7: 46170.75 | B7: 0 | C7: 0
A8: 46170.792 | B8: 0 | C8: 0
A9: 46170.833 | B9: 0 | C9: 0
A10: 46170.875 | B10: 1 | C10: 2
A11: 46170.917 | B11: 3 | C11: 10
A12: 46170.958 | B12: 7 | C12: 31
A13: 46171 | B13: 14 | C13: 20
A14: 46171.042 | B14: 26 | C14: 18
A15: 46171.083 | B15: 51 | C15: 0
A16: 46171.125 | B16: 12 | C16: 0
A17: 46171.167 | B17: 0 | C17: 0
A18: Total Geral | B18: 114 | C18: 81
